{
	"web":
	{

	"client_id":"354859741238-p64lbir3ltd2nohnej3sf5vlbg1p41ie.apps.googleusercontent.com",
    "project_id":"itemcatalog-243808",
    "auth_uri":"https://accounts.google.com/o/oauth2/auth",
    "token_uri":"https://oauth2.googleapis.com/token",
    "auth_provider_x509_cert_url":"https://www.googleapis.com/oauth2/v1/certs",
    "client_secret":"QWprVdG358_KHQE_PkiuF9O3",
    "redirect_uris":["http://localhost:5000/login",
    "http://localhost:5000/","http://localhost:5000/gconnect",
    "http://localhost:5000/callback",
    "https://127.0.0.1:5000/gconnect",
    "https://127.0.0.1:5000/callback",
    "https://127.0.0.1:5000/login"],
    "javascript_origins":["http://localhost:5000",
    "http://127.0.0.1:5000"]
	}
}